Site,Confidence,File,Date,Year,Month,Day,HH,MM
R313,0.995,0.995_1_R313_20240816_194200_45.0s_48.0s.wav,16/08/2024,2024,8,16,19,42
R302,0.994,0.994_1_R302_20240818_092600_39.0s_42.0s.wav,18/08/2024,2024,8,18,9,26
R313,0.989,0.989_1_R313_20240802_194400_48.0s_51.0s.wav,02/08/2024,2024,8,2,19,44
R302,0.988,0.988_1_R302_20240816_072800_30.0s_33.0s.wav,16/08/2024,2024,8,16,7,28
R515,0.987,0.987_1_R515_20250105_085000_3.0s_6.0s.wav,05/01/2025,2025,1,5,8,50
R513,0.987,0.987_1_R513_20241020_080600_9.0s_12.0s.wav,20/10/2024,2024,10,20,8,6
R304,0.987,0.987_1_R304_20240817_182600_51.0s_54.0s.wav,17/08/2024,2024,8,17,18,26
R451,0.984,0.984_1_R451_20240813_180800_54.0s_57.0s.wav,13/08/2024,2024,8,13,18,8
R304,0.981,0.981_1_R304_20240802_074600_57.0s_60.0s.wav,02/08/2024,2024,8,2,7,46
R418,0.98,0.980_1_R418_20240814_194200_48.0s_51.0s.wav,14/08/2024,2024,8,14,19,42
R515,0.979,0.979_1_R515_20241227_181200_36.0s_39.0s.wav,27/12/2024,2024,12,27,18,12
R204,0.976,0.976_1_R204_20250102_123400_21.0s_24.0s.wav,02/01/2025,2025,1,2,12,34
R304,0.975,0.975_1_R304_20240810_120000_0.0s_3.0s.wav,10/08/2024,2024,8,10,12,0
R305,0.974,0.974_1_R305_20250102_183200_42.00s_45.00s.wav,02/01/2025,2025,1,2,18,32
R613,0.974,0.974_1_R613_20241223_160200_33.00s_36.00s.wav,23/12/2024,2024,12,23,16,2
R613,0.973,0.973_2_R613_20241219_181000_12.00s_15.00s.wav,19/12/2024,2024,12,19,18,10
R613,0.972,0.972_1_R613_20241231_180000_48.00s_51.00s.wav,31/12/2024,2024,12,31,18,0
R513,0.969,0.969_1_R513_20241025_183200_45.0s_48.0s.wav,25/10/2024,2024,10,25,18,32
R515,0.968,0.968_1_R515_20250107_183800_54.0s_57.0s.wav,07/01/2025,2025,1,7,18,38
R304,0.968,0.968_1_R304_20240731_185800_6.0s_9.0s.wav,31/07/2024,2024,7,31,18,58
R302,0.966,0.966_1_R302_20240813_071600_33.0s_36.0s.wav,13/08/2024,2024,8,13,7,16
R101,0.966,0.966_2_R101_20241218_161000_27.00s_30.00s.wav,18/12/2024,2024,12,18,16,10
R302,0.965,0.965_1_R302_20241220_091600_9.00s_12.00s.wav,20/12/2024,2024,12,20,9,16
R304,0.964,0.964_1_R304_20240816_144400_45.0s_48.0s.wav,16/08/2024,2024,8,16,14,44
R304,0.964,0.964_1_R304_20240807_191000_39.0s_42.0s.wav,07/08/2024,2024,8,7,19,10
R512,0.958,0.958_1_R512_20241228_183000_57.00s_60.00s.wav,28/12/2024,2024,12,28,18,30
R304,0.957,0.957_1_R304_20240811_122200_33.0s_36.0s.wav,11/08/2024,2024,8,11,12,22
R104,0.95,0.950_1_R104_20240906_122800_33.0s_36.0s.wav,06/09/2024,2024,9,6,12,28
R601,0.948,0.948_1_R601_20241231_042600_39.00s_42.00s.wav,31/12/2024,2024,12,31,4,26
R601,0.944,0.944_2_R601_20241231_042800_36.00s_39.00s.wav,31/12/2024,2024,12,31,4,28
R104,0.936,0.936_1_R104_20240908_122600_51.0s_54.0s.wav,08/09/2024,2024,9,8,12,26
R304,0.932,0.932_1_R304_20240804_174000_30.0s_33.0s.wav,04/08/2024,2024,8,4,17,40
R305,0.932,0.932_1_R305_20241222_181200_42.00s_45.00s.wav,22/12/2024,2024,12,22,18,12
R502,0.931,0.931_1_R502_20240819_182400_36.0s_39.0s.wav,19/08/2024,2024,8,19,18,24
R502,0.929,0.929_1_R502_20240806_094000_24.0s_27.0s.wav,06/08/2024,2024,8,6,9,40
R101,0.929,0.929_1_R101_20241229_160200_39.00s_42.00s.wav,29/12/2024,2024,12,29,16,2
R512,0.927,0.927_1_R512_20241031_173800_18.0s_21.0s.wav,31/10/2024,2024,10,31,17,38
R613,0.927,0.927_1_R613_20241221_182000_39.00s_42.00s.wav,21/12/2024,2024,12,21,18,20
R601,0.926,0.926_1_R601_20241231_042400_24.00s_27.00s.wav,31/12/2024,2024,12,31,4,24
R305,0.924,0.924_3_R305_20241222_183600_45.00s_48.00s.wav,22/12/2024,2024,12,22,18,36
R304,0.923,0.923_1_R304_20240814_072400_45.0s_48.0s.wav,14/08/2024,2024,8,14,7,24
R601,0.918,0.918_1_R601_20241231_042800_54.00s_57.00s.wav,31/12/2024,2024,12,31,4,28
R451,0.917,0.917_1_R451_20240806_183200_48.0s_51.0s.wav,06/08/2024,2024,8,6,18,32
R305,0.915,0.915_3_R305_20250101_071000_45.00s_48.00s.wav,01/01/2025,2025,1,1,7,10
R513,0.913,0.913_1_R513_20241017_165200_54.0s_57.0s.wav,17/10/2024,2024,10,17,16,52
R305,0.911,0.911_2_R305_20241222_183600_48.00s_51.00s.wav,22/12/2024,2024,12,22,18,36
R613,0.908,0.908_1_R613_20241219_181400_6.00s_9.00s.wav,19/12/2024,2024,12,19,18,14
R302,0.904,0.904_1_R302_20240811_192400_27.0s_30.0s.wav,11/08/2024,2024,8,11,19,24
R601,0.903,0.903_2_R601_20241231_042400_3.00s_6.00s.wav,31/12/2024,2024,12,31,4,24
R613,0.902,0.902_1_R613_20241231_182200_51.00s_54.00s.wav,31/12/2024,2024,12,31,18,22
R601,0.901,0.901_2_R601_20241228_185200_15.00s_18.00s.wav,28/12/2024,2024,12,28,18,52
R305,0.898,0.898_1_R305_20241219_181600_24.00s_27.00s.wav,19/12/2024,2024,12,19,18,16
R613,0.896,0.896_2_R613_20241231_182200_42.00s_45.00s.wav,31/12/2024,2024,12,31,18,22
R305,0.889,0.889_1_R305_20241221_173400_48.00s_51.00s.wav,21/12/2024,2024,12,21,17,34
R613,0.886,0.886_2_R613_20241221_183600_36.00s_39.00s.wav,21/12/2024,2024,12,21,18,36
R203,0.882,0.882_1_R203_20241222_172200_42.00s_45.00s.wav,22/12/2024,2024,12,22,17,22
R101,0.879,0.879_1_R101_20241216_145200_21.00s_24.00s.wav,16/12/2024,2024,12,16,14,52
R305,0.877,0.877_2_R305_20241222_181200_12.00s_15.00s.wav,22/12/2024,2024,12,22,18,12
R451,0.87,0.870_1_R451_20240802_173200_0.0s_3.0s.wav,02/08/2024,2024,8,2,17,32
R305,0.868,0.868_1_R305_20250102_170400_18.00s_21.00s.wav,02/01/2025,2025,1,2,17,4
R613,0.865,0.865_1_R613_20241231_182600_57.00s_60.00s.wav,31/12/2024,2024,12,31,18,26
R304,0.86,0.860_1_R304_20240801_122000_21.0s_24.0s.wav,01/08/2024,2024,8,1,12,20
R203,0.858,0.858_1_R203_20241222_160600_42.00s_45.00s.wav,22/12/2024,2024,12,22,16,6
R203,0.852,0.852_1_R203_20241222_173200_39.00s_42.00s.wav,22/12/2024,2024,12,22,17,32
R401,0.85,0.850_1_R401_20240802_170600_9.0s_12.0s.wav,02/08/2024,2024,8,2,17,6
R601,0.85,0.850_1_R601_20241230_182400_9.00s_12.00s.wav,30/12/2024,2024,12,30,18,24
R301,0.847,0.847_1_R301_20240810_180000_3.0s_6.0s.wav,10/08/2024,2024,8,10,18,0
R304,0.846,0.846_1_R304_20240818_102400_3.0s_6.0s.wav,18/08/2024,2024,8,18,10,24
R513,0.845,0.845_1_R513_20241101_182800_12.0s_15.0s.wav,01/11/2024,2024,11,1,18,28
R305,0.845,0.845_1_R305_20241225_175800_33.00s_36.00s.wav,25/12/2024,2024,12,25,17,58
R305,0.837,0.837_1_R305_20241225_072600_51.00s_54.00s.wav,25/12/2024,2024,12,25,7,26
R601,0.828,0.828_1_R601_20241228_185200_12.00s_15.00s.wav,28/12/2024,2024,12,28,18,52
R512,0.826,0.826_1_R512_20241024_175400_30.0s_33.0s.wav,24/10/2024,2024,10,24,17,54
R503,0.82,0.820_1_R503_20241224_182600_48.00s_51.00s.wav,24/12/2024,2024,12,24,18,26
R613,0.82,0.820_1_R613_20241221_182200_0.00s_3.00s.wav,21/12/2024,2024,12,21,18,22
P327,0.819,0.819_1_P327_20240504_164400_48.0s_51.0s.wav,04/05/2024,2024,5,4,16,44
R305,0.816,0.816_1_R305_20241219_181400_12.00s_15.00s.wav,19/12/2024,2024,12,19,18,14
R305,0.814,0.814_1_R305_20240801_184600_6.0s_9.0s.wav,01/08/2024,2024,8,1,18,46
R101,0.814,0.814_2_R101_20241216_145200_24.00s_27.00s.wav,16/12/2024,2024,12,16,14,52
R502,0.811,0.811_1_R502_20240809_094600_24.0s_27.0s.wav,09/08/2024,2024,8,9,9,46
R101,0.807,0.807_2_R101_20241217_165200_15.00s_18.00s.wav,17/12/2024,2024,12,17,16,52
P354,0.806,0.806_1_P354_20240510_193600_15.0s_18.0s.wav,10/05/2024,2024,5,10,19,36
R613,0.799,0.799_1_R613_20241231_181600_39.00s_42.00s.wav,31/12/2024,2024,12,31,18,16
R302,0.798,0.798_1_R302_20240801_193200_33.0s_36.0s.wav,01/08/2024,2024,8,1,19,32
R503,0.797,0.797_1_R503_20241224_182000_39.00s_42.00s.wav,24/12/2024,2024,12,24,18,20
R503,0.797,0.797_1_R503_20241226_104400_0.00s_3.00s.wav,26/12/2024,2024,12,26,10,44
R302,0.786,0.786_1_R302_20241223_092600_30.00s_33.00s.wav,23/12/2024,2024,12,23,9,26
R451,0.784,0.784_1_R451_20241218_133800_42.00s_45.00s.wav,18/12/2024,2024,12,18,13,38
R613,0.783,0.783_2_R613_20241221_182000_42.00s_45.00s.wav,21/12/2024,2024,12,21,18,20
R502,0.774,0.774_1_R502_20250103_135000_27.00s_30.00s.wav,03/01/2025,2025,1,3,13,50
R153,0.771,0.771_1_R153_20241024_114600_48.0s_51.0s.wav,24/10/2024,2024,10,24,11,46
R205,0.771,0.771_1_R205_20241227_114200_39.00s_42.00s.wav,27/12/2024,2024,12,27,11,42
R601,0.769,0.769_1_R601_20241029_090600_15.0s_18.0s.wav,29/10/2024,2024,10,29,9,6
R613,0.769,0.769_1_R613_20241219_181000_9.00s_12.00s.wav,19/12/2024,2024,12,19,18,10
R451,0.765,0.765_1_R451_20240811_171600_30.0s_33.0s.wav,11/08/2024,2024,8,11,17,16
R302,0.76,0.760_1_R302_20240814_071400_39.0s_42.0s.wav,14/08/2024,2024,8,14,7,14
R514,0.759,0.759_1_R514_20250105_084400_9.0s_12.0s.wav,05/01/2025,2025,1,5,8,44
R302,0.755,0.755_1_R302_20240804_154000_9.0s_12.0s.wav,04/08/2024,2024,8,4,15,40
R203,0.752,0.752_3_R203_20241222_160600_45.00s_48.00s.wav,22/12/2024,2024,12,22,16,6
R451,0.75,0.750_1_R451_20240807_163400_42.0s_45.0s.wav,07/08/2024,2024,8,7,16,34
R305,0.743,0.743_1_R305_20241222_183600_42.00s_45.00s.wav,22/12/2024,2024,12,22,18,36
P354,0.74,0.740_1_P354_20240504_184600_3.0s_6.0s.wav,04/05/2024,2024,5,4,18,46
R451,0.737,0.737_1_R451_20240810_181600_6.0s_9.0s.wav,10/08/2024,2024,8,10,18,16
R512,0.736,0.736_1_R512_20241022_182800_33.0s_36.0s.wav,22/10/2024,2024,10,22,18,28
R304,0.735,0.735_1_R304_20240815_133400_54.0s_57.0s.wav,15/08/2024,2024,8,15,13,34
R305,0.728,0.728_1_R305_20240807_172200_21.0s_24.0s.wav,07/08/2024,2024,8,7,17,22
R305,0.728,0.728_1_R305_20241225_174000_48.00s_51.00s.wav,25/12/2024,2024,12,25,17,40
R515,0.726,0.726_1_R515_20241231_170400_48.0s_51.0s.wav,31/12/2024,2024,12,31,17,4
R513,0.726,0.726_1_R513_20241026_104200_30.0s_33.0s.wav,26/10/2024,2024,10,26,10,42
R305,0.72,0.720_2_R305_20250102_170400_21.00s_24.00s.wav,02/01/2025,2025,1,2,17,4
R303,0.716,0.716_1_R303_20241219_181400_6.00s_9.00s.wav,19/12/2024,2024,12,19,18,14
R302,0.707,0.707_1_R302_20240814_080000_54.0s_57.0s.wav,14/08/2024,2024,8,14,8,0
R502,0.707,0.707_1_R502_20250102_153200_39.00s_42.00s.wav,02/01/2025,2025,1,2,15,32
R205,0.706,0.706_1_R205_20241217_151400_15.00s_18.00s.wav,17/12/2024,2024,12,17,15,14
R451,0.705,0.705_1_R451_20240804_184800_6.0s_9.0s.wav,04/08/2024,2024,8,4,18,48
R302,0.705,0.705_1_R302_20240810_121200_0.0s_3.0s.wav,10/08/2024,2024,8,10,12,12
R305,0.704,0.704_1_R305_20241223_072400_27.00s_30.00s.wav,23/12/2024,2024,12,23,7,24
R613,0.704,0.704_4_R613_20250105_162200_36.00s_39.00s.wav,05/01/2025,2025,1,5,16,22
R313,0.703,0.703_1_R313_20240803_061200_18.0s_21.0s.wav,03/08/2024,2024,8,3,6,12
R302,0.703,0.703_1_R302_20240814_075800_12.0s_15.0s.wav,14/08/2024,2024,8,14,7,58
R106,0.701,0.701_1_R106_20241220_095200_51.00s_54.00s.wav,20/12/2024,2024,12,20,9,52
R305,0.695,0.695_1_R305_20250105_183600_0.00s_3.00s.wav,05/01/2025,2025,1,5,18,36
R451,0.691,0.691_1_R451_20240817_182200_57.0s_60.0s.wav,17/08/2024,2024,8,17,18,22
R502,0.689,0.689_1_R502_20240816_171400_54.0s_57.0s.wav,16/08/2024,2024,8,16,17,14
R601,0.688,0.688_1_R601_20241028_173400_42.0s_45.0s.wav,28/10/2024,2024,10,28,17,34
R205,0.687,0.687_1_R205_20241025_112000_24.0s_27.0s.wav,25/10/2024,2024,10,25,11,20
R451,0.681,0.681_1_R451_20241229_165000_30.00s_33.00s.wav,29/12/2024,2024,12,29,16,50
R511,0.676,0.676_1_R511_20241228_183400_54.00s_57.00s.wav,28/12/2024,2024,12,28,18,34
R451,0.672,0.672_1_R451_20241222_180200_48.00s_51.00s.wav,22/12/2024,2024,12,22,18,2
R503,0.672,0.672_2_R503_20241226_104600_42.00s_45.00s.wav,26/12/2024,2024,12,26,10,46
R401,0.667,0.667_1_R401_20241231_151800_18.00s_21.00s.wav,31/12/2024,2024,12,31,15,18
R305,0.661,0.661_1_R305_20241230_180600_9.00s_12.00s.wav,30/12/2024,2024,12,30,18,6
R303,0.66,0.660_2_R303_20250102_170600_54.00s_57.00s.wav,02/01/2025,2025,1,2,17,6
R104,0.655,0.655_1_R104_20240902_110600_30.0s_33.0s.wav,02/09/2024,2024,9,2,11,6
R305,0.651,0.651_1_R305_20241224_065800_57.00s_60.00s.wav,24/12/2024,2024,12,24,6,58
R305,0.642,0.642_1_R305_20241228_182600_33.00s_36.00s.wav,28/12/2024,2024,12,28,18,26
R302,0.64,0.640_1_R302_20241226_145000_15.00s_18.00s.wav,26/12/2024,2024,12,26,14,50
R401,0.633,0.633_1_R401_20241226_134600_3.00s_6.00s.wav,26/12/2024,2024,12,26,13,46
R101,0.621,0.621_1_R101_20241226_141600_12.00s_15.00s.wav,26/12/2024,2024,12,26,14,16
R613,0.62,0.620_1_R613_20241221_183600_33.00s_36.00s.wav,21/12/2024,2024,12,21,18,36
R305,0.617,0.617_2_R305_20241225_174000_57.00s_60.00s.wav,25/12/2024,2024,12,25,17,40
R512,0.613,0.613_1_R512_20250102_084800_15.00s_18.00s.wav,02/01/2025,2025,1,2,8,48
R305,0.607,0.607_1_R305_20250105_175600_33.00s_36.00s.wav,05/01/2025,2025,1,5,17,56
R512,0.607,0.607_1_R512_20250105_085200_21.00s_24.00s.wav,05/01/2025,2025,1,5,8,52
R203,0.607,0.607_2_R203_20241222_160600_48.00s_51.00s.wav,22/12/2024,2024,12,22,16,6
R305,0.605,0.605_1_R305_20241220_174200_33.00s_36.00s.wav,20/12/2024,2024,12,20,17,42
R423,0.604,0.604_1_R423_20240426_070400_0.0s_3.0s.wav,26/04/2024,2024,4,26,7,4
R305,0.6,0.600_1_R305_20250101_071000_48.00s_51.00s.wav,01/01/2025,2025,1,1,7,10
R305,0.598,0.598_2_R305_20241225_175800_30.00s_33.00s.wav,25/12/2024,2024,12,25,17,58
R154,0.597,0.597_2_R154_20241225_080000_57.00s_60.00s.wav,25/12/2024,2024,12,25,8,0
R513,0.594,0.594_1_R513_20241029_150800_48.0s_51.0s.wav,29/10/2024,2024,10,29,15,8
R101,0.59,0.590_1_R101_20241218_161000_24.00s_27.00s.wav,18/12/2024,2024,12,18,16,10
R511,0.589,0.589_1_R511_20241228_183000_57.00s_60.00s.wav,28/12/2024,2024,12,28,18,30
R613,0.587,0.587_1_R613_20241029_062800_0.0s_3.0s.wav,29/10/2024,2024,10,29,6,28
R304,0.586,0.586_1_R304_20240805_063400_30.0s_33.0s.wav,05/08/2024,2024,8,5,6,34
R101,0.583,0.583_1_R101_20241217_165600_42.00s_45.00s.wav,17/12/2024,2024,12,17,16,56
R401,0.582,0.582_1_R401_20240808_191800_48.0s_51.0s.wav,08/08/2024,2024,8,8,19,18
R503,0.581,0.581_1_R503_20241226_105400_42.00s_45.00s.wav,26/12/2024,2024,12,26,10,54
R401,0.58,0.580_1_R401_20240808_191600_42.0s_45.0s.wav,08/08/2024,2024,8,8,19,16
R503,0.575,0.575_1_R503_20240804_083400_6.0s_9.0s.wav,04/08/2024,2024,8,4,8,34
R153,0.574,0.574_1_R153_20250104_132200_51.00s_54.00s.wav,04/01/2025,2025,1,4,13,22
R418,0.573,0.573_1_R418_20240802_121800_48.0s_51.0s.wav,02/08/2024,2024,8,2,12,18
R205,0.572,0.572_2_R205_20241231_154800_48.00s_51.00s.wav,31/12/2024,2024,12,31,15,48
P354,0.57,0.570_1_P354_20240424_195800_33.0s_36.0s.wav,24/04/2024,2024,4,24,19,58
R305,0.568,0.568_1_R305_20241230_183600_51.00s_54.00s.wav,30/12/2024,2024,12,30,18,36
R503,0.565,0.565_1_R503_20241226_105600_18.00s_21.00s.wav,26/12/2024,2024,12,26,10,56
R305,0.565,0.565_1_R305_20241229_174200_51.00s_54.00s.wav,29/12/2024,2024,12,29,17,42
R601,0.561,0.561_1_R601_20241102_125400_9.0s_12.0s.wav,02/11/2024,2024,11,2,12,54
R303,0.56,0.560_2_R303_20241230_183600_54.00s_57.00s.wav,30/12/2024,2024,12,30,18,36
R305,0.558,0.558_2_R305_20250105_185600_3.00s_6.00s.wav,05/01/2025,2025,1,5,18,56
R451,0.555,0.555_1_R451_20240814_174000_24.0s_27.0s.wav,14/08/2024,2024,8,14,17,40
R305,0.555,0.555_1_R305_20241231_174000_24.00s_27.00s.wav,31/12/2024,2024,12,31,17,40
R503,0.545,0.545_1_R503_20241226_104600_9.00s_12.00s.wav,26/12/2024,2024,12,26,10,46
R153,0.544,0.544_1_R153_20250104_132000_21.00s_24.00s.wav,04/01/2025,2025,1,4,13,20
R503,0.541,0.541_1_R503_20240808_193600_45.0s_48.0s.wav,08/08/2024,2024,8,8,19,36
R401,0.538,0.538_1_R401_20240808_191800_45.0s_48.0s.wav,08/08/2024,2024,8,8,19,18
R302,0.536,0.536_1_R302_20240805_083000_45.0s_48.0s.wav,05/08/2024,2024,8,5,8,30
R514,0.532,0.532_1_R514_20241229_182600_9.0s_12.0s.wav,29/12/2024,2024,12,29,18,26
R302,0.532,0.532_1_R302_20240805_142200_45.0s_48.0s.wav,05/08/2024,2024,8,5,14,22
R154,0.531,0.531_1_R154_20241224_160400_45.00s_48.00s.wav,24/12/2024,2024,12,24,16,4
R305,0.53,0.530_2_R305_20241219_181400_9.00s_12.00s.wav,19/12/2024,2024,12,19,18,14
R153,0.527,0.527_2_R153_20250104_132000_15.00s_18.00s.wav,04/01/2025,2025,1,4,13,20
R305,0.526,0.526_1_R305_20241219_182400_21.00s_24.00s.wav,19/12/2024,2024,12,19,18,24
R503,0.524,0.524_1_R503_20241222_154600_12.00s_15.00s.wav,22/12/2024,2024,12,22,15,46
R513,0.52,0.520_1_R513_20241102_180400_6.0s_9.0s.wav,02/11/2024,2024,11,2,18,4
R613,0.513,0.513_1_R613_20241029_062800_6.0s_9.0s.wav,29/10/2024,2024,10,29,6,28
R305,0.51,0.510_1_R305_20241219_174800_18.00s_21.00s.wav,19/12/2024,2024,12,19,17,48
R153,0.508,0.508_1_R153_20250104_134400_9.00s_12.00s.wav,04/01/2025,2025,1,4,13,44
R205,0.508,0.508_1_R205_20241220_141000_15.00s_18.00s.wav,20/12/2024,2024,12,20,14,10
R613,0.5,0.500_1_R613_20241029_062800_3.0s_6.0s.wav,29/10/2024,2024,10,29,6,28
R305,0.494,0.494_1_R305_20241221_173600_6.00s_9.00s.wav,21/12/2024,2024,12,21,17,36
R303,0.49,0.490_2_R303_20250102_183200_45.00s_48.00s.wav,02/01/2025,2025,1,2,18,32
R305,0.489,0.489_2_R305_20250102_183200_39.00s_42.00s.wav,02/01/2025,2025,1,2,18,32
R401,0.488,0.488_1_R401_20241231_151600_9.00s_12.00s.wav,31/12/2024,2024,12,31,15,16
R602,0.487,0.487_1_R602_20241020_081000_9.0s_12.0s.wav,20/10/2024,2024,10,20,8,10
R153,0.487,0.487_2_R153_20250104_132200_42.00s_45.00s.wav,04/01/2025,2025,1,4,13,22
R302,0.486,0.486_1_R302_20241221_173600_3.00s_6.00s.wav,21/12/2024,2024,12,21,17,36
R205,0.486,0.486_1_R205_20241229_171200_24.00s_27.00s.wav,29/12/2024,2024,12,29,17,12
R104,0.482,0.482_1_R104_20241217_082400_12.00s_15.00s.wav,17/12/2024,2024,12,17,8,24
R512,0.478,0.478_1_R512_20241018_174200_57.0s_60.0s.wav,18/10/2024,2024,10,18,17,42
R303,0.471,0.471_1_R303_20241230_181800_6.00s_9.00s.wav,30/12/2024,2024,12,30,18,18
R503,0.47,0.470_2_R503_20241224_182400_51.00s_54.00s.wav,24/12/2024,2024,12,24,18,24
R101,0.468,0.468_2_R101_20241217_165600_48.00s_51.00s.wav,17/12/2024,2024,12,17,16,56
R205,0.468,0.468_1_R205_20250101_183200_51.00s_54.00s.wav,01/01/2025,2025,1,1,18,32
R305,0.464,0.464_2_R305_20241224_073600_21.00s_24.00s.wav,24/12/2024,2024,12,24,7,36
R101,0.462,0.462_1_R101_20241217_165400_30.00s_33.00s.wav,17/12/2024,2024,12,17,16,54
R613,0.458,0.458_1_R613_20241030_160000_51.0s_54.0s.wav,30/10/2024,2024,10,30,16,0
R305,0.457,0.457_1_R305_20240817_090000_6.0s_9.0s.wav,17/08/2024,2024,8,17,9,0
R305,0.457,0.457_1_R305_20241228_165800_24.00s_27.00s.wav,28/12/2024,2024,12,28,16,58
R613,0.456,0.456_1_R613_20250105_162200_30.00s_33.00s.wav,05/01/2025,2025,1,5,16,22
R205,0.455,0.455_1_R205_20241217_145600_42.00s_45.00s.wav,17/12/2024,2024,12,17,14,56
R302,0.455,0.455_1_R302_20241223_085800_33.00s_36.00s.wav,23/12/2024,2024,12,23,8,58
R614,0.451,0.451_1_R614_20250103_111400_30.00s_33.00s.wav,03/01/2025,2025,1,3,11,14
R512,0.446,0.446_1_R512_20241103_180600_27.0s_30.0s.wav,03/11/2024,2024,11,3,18,6
R614,0.442,0.442_1_R614_20241026_123800_9.0s_12.0s.wav,26/10/2024,2024,10,26,12,38
R614,0.441,0.441_1_R614_20241017_132400_45.0s_48.0s.wav,17/10/2024,2024,10,17,13,24
R503,0.436,0.436_1_R503_20240819_171800_54.0s_57.0s.wav,19/08/2024,2024,8,19,17,18
R305,0.435,0.435_1_R305_20241223_070400_15.00s_18.00s.wav,23/12/2024,2024,12,23,7,4
R503,0.434,0.434_1_R503_20240808_193600_48.0s_51.0s.wav,08/08/2024,2024,8,8,19,36
R154,0.434,0.434_2_R154_20250102_182600_45.00s_48.00s.wav,02/01/2025,2025,1,2,18,26
R302,0.428,0.428_1_R302_20250105_095800_0.00s_3.00s.wav,05/01/2025,2025,1,5,9,58
R502,0.426,0.426_1_R502_20250103_153200_24.00s_27.00s.wav,03/01/2025,2025,1,3,15,32
R613,0.426,0.426_3_R613_20250105_162200_33.00s_36.00s.wav,05/01/2025,2025,1,5,16,22
R503,0.421,0.421_1_R503_20241231_174800_51.00s_54.00s.wav,31/12/2024,2024,12,31,17,48
R305,0.416,0.416_1_R305_20241228_163000_12.00s_15.00s.wav,28/12/2024,2024,12,28,16,30
R451,0.414,0.414_1_R451_20240731_154600_42.0s_45.0s.wav,31/07/2024,2024,7,31,15,46
R451,0.413,0.413_1_R451_20241224_150200_3.00s_6.00s.wav,24/12/2024,2024,12,24,15,2
R513,0.412,0.412_1_R513_20241103_182200_21.0s_24.0s.wav,03/11/2024,2024,11,3,18,22
R101,0.409,0.409_1_R101_20241217_165200_12.00s_15.00s.wav,17/12/2024,2024,12,17,16,52
R205,0.407,0.407_1_R205_20241222_181600_3.00s_6.00s.wav,22/12/2024,2024,12,22,18,16
R205,0.406,0.406_1_R205_20241218_085000_9.00s_12.00s.wav,18/12/2024,2024,12,18,8,50
R302,0.401,0.401_1_R302_20241228_161200_27.00s_30.00s.wav,28/12/2024,2024,12,28,16,12
R451,0.4,0.400_1_R451_20241224_150000_48.00s_51.00s.wav,24/12/2024,2024,12,24,15,0
R101,0.389,0.389_2_R101_20241226_141600_15.00s_18.00s.wav,26/12/2024,2024,12,26,14,16
R205,0.383,0.383_2_R205_20241220_113400_39.00s_42.00s.wav,20/12/2024,2024,12,20,11,34
R513,0.381,0.381_1_R513_20241104_171000_0.0s_3.0s.wav,04/11/2024,2024,11,4,17,10
R303,0.381,0.381_1_R303_20241230_183600_51.00s_54.00s.wav,30/12/2024,2024,12,30,18,36
R305,0.38,0.380_1_R305_20241229_145600_54.00s_57.00s.wav,29/12/2024,2024,12,29,14,56
R304,0.373,0.373_1_R304_20240808_085800_3.0s_6.0s.wav,08/08/2024,2024,8,8,8,58
R502,0.372,0.372_1_R502_20240813_064200_45.0s_48.0s.wav,13/08/2024,2024,8,13,6,42
P354,0.372,0.372_1_P354_20240427_112600_33.0s_36.0s.wav,27/04/2024,2024,4,27,11,26
R303,0.372,0.372_1_R303_20241230_180600_48.00s_51.00s.wav,30/12/2024,2024,12,30,18,6
R305,0.369,0.369_1_R305_20241230_175800_42.00s_45.00s.wav,30/12/2024,2024,12,30,17,58
R512,0.369,0.369_1_R512_20250107_183800_27.00s_30.00s.wav,07/01/2025,2025,1,7,18,38
R305,0.368,0.368_1_R305_20240810_113800_54.0s_57.0s.wav,10/08/2024,2024,8,10,11,38
P354,0.364,0.364_1_P354_20240424_195800_24.0s_27.0s.wav,24/04/2024,2024,4,24,19,58
R104,0.363,0.363_1_R104_20240911_081800_39.0s_42.0s.wav,11/09/2024,2024,9,11,8,18
R451,0.363,0.363_2_R451_20241224_150000_12.00s_15.00s.wav,24/12/2024,2024,12,24,15,0
R154,0.361,0.361_1_R154_20241225_080000_54.00s_57.00s.wav,25/12/2024,2024,12,25,8,0
R302,0.36,0.360_1_R302_20240805_083000_39.0s_42.0s.wav,05/08/2024,2024,8,5,8,30
R451,0.356,0.356_3_R451_20241224_150000_3.00s_6.00s.wav,24/12/2024,2024,12,24,15,0
R503,0.356,0.356_1_R503_20250105_174600_24.00s_27.00s.wav,05/01/2025,2025,1,5,17,46
R305,0.353,0.353_1_R305_20241229_181200_36.00s_39.00s.wav,29/12/2024,2024,12,29,18,12
R305,0.352,0.352_2_R305_20241221_132600_54.00s_57.00s.wav,21/12/2024,2024,12,21,13,26
R305,0.352,0.352_1_R305_20241230_180800_27.00s_30.00s.wav,30/12/2024,2024,12,30,18,8
R503,0.349,0.349_1_R503_20241224_182400_24.00s_27.00s.wav,24/12/2024,2024,12,24,18,24
P354,0.343,0.343_1_P354_20240505_055600_39.0s_42.0s.wav,05/05/2024,2024,5,5,5,56
R302,0.343,0.343_1_R302_20250105_095400_24.00s_27.00s.wav,05/01/2025,2025,1,5,9,54
R305,0.342,0.342_2_R305_20241220_174200_30.00s_33.00s.wav,20/12/2024,2024,12,20,17,42
R512,0.34,0.340_2_R512_20250102_084800_12.00s_15.00s.wav,02/01/2025,2025,1,2,8,48
R503,0.335,0.335_1_R503_20241220_174800_27.00s_30.00s.wav,20/12/2024,2024,12,20,17,48
R305,0.333,0.333_2_R305_20241223_070400_18.00s_21.00s.wav,23/12/2024,2024,12,23,7,4
R512,0.33,0.330_1_R512_20241025_064400_27.0s_30.0s.wav,25/10/2024,2024,10,25,6,44
R303,0.33,0.330_1_R303_20241230_180200_42.00s_45.00s.wav,30/12/2024,2024,12,30,18,2
R451,0.329,0.329_1_R451_20250102_153400_9.00s_12.00s.wav,02/01/2025,2025,1,2,15,34
R515,0.327,0.327_1_R515_20241224_150200_54.0s_57.0s.wav,24/12/2024,2024,12,24,15,2
R305,0.326,0.326_1_R305_20241221_132600_6.00s_9.00s.wav,21/12/2024,2024,12,21,13,26
R305,0.324,0.324_2_R305_20241229_192800_45.00s_48.00s.wav,29/12/2024,2024,12,29,19,28
R205,0.322,0.322_1_R205_20241217_151200_39.00s_42.00s.wav,17/12/2024,2024,12,17,15,12
R512,0.319,0.319_1_R512_20250105_084600_15.00s_18.00s.wav,05/01/2025,2025,1,5,8,46
R205,0.319,0.319_2_R205_20241218_085000_6.00s_9.00s.wav,18/12/2024,2024,12,18,8,50
P354,0.317,0.317_1_P354_20240424_195600_51.0s_54.0s.wav,24/04/2024,2024,4,24,19,56
R613,0.317,0.317_2_R613_20250105_162200_3.00s_6.00s.wav,05/01/2025,2025,1,5,16,22
R302,0.316,0.316_1_R302_20240815_185000_15.0s_18.0s.wav,15/08/2024,2024,8,15,18,50
R305,0.315,0.315_1_R305_20241228_171200_0.00s_3.00s.wav,28/12/2024,2024,12,28,17,12
R502,0.315,0.315_1_R502_20250103_140600_54.00s_57.00s.wav,03/01/2025,2025,1,3,14,6
R614,0.314,0.314_1_R614_20241027_080400_57.0s_60.0s.wav,27/10/2024,2024,10,27,8,4
R305,0.311,0.311_1_R305_20241229_192800_39.00s_42.00s.wav,29/12/2024,2024,12,29,19,28
R512,0.311,0.311_1_R512_20250105_080400_27.00s_30.00s.wav,05/01/2025,2025,1,5,8,4
R502,0.309,0.309_1_R502_20250103_140800_0.00s_3.00s.wav,03/01/2025,2025,1,3,14,8
R303,0.308,0.308_1_R303_20250102_170600_57.00s_60.00s.wav,02/01/2025,2025,1,2,17,6
P354,0.304,0.304_1_P354_20240508_100800_54.0s_57.0s.wav,08/05/2024,2024,5,8,10,8
R305,0.304,0.304_1_R305_20241224_073600_18.00s_21.00s.wav,24/12/2024,2024,12,24,7,36
R511,0.295,0.295_2_R511_20250105_085200_15.00s_18.00s.wav,05/01/2025,2025,1,5,8,52
R304,0.288,0.288_1_R304_20240813_160400_3.0s_6.0s.wav,13/08/2024,2024,8,13,16,4
R154,0.288,0.288_1_R154_20250102_182600_33.00s_36.00s.wav,02/01/2025,2025,1,2,18,26
R104,0.285,0.285_1_R104_20241222_163600_9.00s_12.00s.wav,22/12/2024,2024,12,22,16,36
R511,0.283,0.283_1_R511_20250107_183800_24.00s_27.00s.wav,07/01/2025,2025,1,7,18,38
R602,0.281,0.281_1_R602_20241022_183200_15.0s_18.0s.wav,22/10/2024,2024,10,22,18,32
R602,0.28,0.280_1_R602_20241016_181000_21.0s_24.0s.wav,16/10/2024,2024,10,16,18,10
R303,0.28,0.280_3_R303_20241219_181400_3.00s_6.00s.wav,19/12/2024,2024,12,19,18,14
R203,0.279,0.279_1_R203_20241028_155000_12.0s_15.0s.wav,28/10/2024,2024,10,28,15,50
R511,0.275,0.275_1_R511_20250105_084600_15.00s_18.00s.wav,05/01/2025,2025,1,5,8,46
R106,0.272,0.272_1_R106_20240909_111400_9.0s_12.0s.wav,09/09/2024,2024,9,9,11,14
R601,0.266,0.266_1_R601_20241030_192400_24.0s_27.0s.wav,30/10/2024,2024,10,30,19,24
R451,0.266,0.266_1_R451_20240803_182400_15.0s_18.0s.wav,03/08/2024,2024,8,3,18,24
R451,0.264,0.264_1_R451_20240812_181000_15.0s_18.0s.wav,12/08/2024,2024,8,12,18,10
R305,0.263,0.263_1_R305_20241224_095600_3.00s_6.00s.wav,24/12/2024,2024,12,24,9,56
R513,0.262,0.262_1_R513_20241024_113000_15.0s_18.0s.wav,24/10/2024,2024,10,24,11,30
R304,0.261,0.261_1_R304_20240813_160400_18.0s_21.0s.wav,13/08/2024,2024,8,13,16,4
R305,0.261,0.261_3_R305_20241221_132600_3.00s_6.00s.wav,21/12/2024,2024,12,21,13,26
R514,0.258,0.258_1_R514_20250102_184200_42.0s_45.0s.wav,02/01/2025,2025,1,2,18,42
R305,0.257,0.257_1_R305_20250102_144400_15.00s_18.00s.wav,02/01/2025,2025,1,2,14,44
R101,0.257,0.257_1_R101_20241222_082800_27.00s_30.00s.wav,22/12/2024,2024,12,22,8,28
R205,0.257,0.257_1_R205_20241217_144400_36.00s_39.00s.wav,17/12/2024,2024,12,17,14,44
R302,0.256,0.256_1_R302_20240806_122200_21.0s_24.0s.wav,06/08/2024,2024,8,6,12,22
R106,0.255,0.255_2_R106_20241229_145000_39.00s_42.00s.wav,29/12/2024,2024,12,29,14,50
R202,0.254,0.254_1_R202_20241018_084000_45.0s_48.0s.wav,18/10/2024,2024,10,18,8,40
R106,0.254,0.254_1_R106_20240908_190000_24.0s_27.0s.wav,08/09/2024,2024,9,8,19,0
R502,0.254,0.254_1_R502_20250103_135600_39.00s_42.00s.wav,03/01/2025,2025,1,3,13,56
R613,0.254,0.254_1_R613_20250105_173000_51.00s_54.00s.wav,05/01/2025,2025,1,5,17,30
R502,0.253,0.253_1_R502_20240813_095400_39.0s_42.0s.wav,13/08/2024,2024,8,13,9,54
R503,0.253,0.253_1_R503_20241222_155000_18.00s_21.00s.wav,22/12/2024,2024,12,22,15,50
R512,0.251,0.251_2_R512_20250105_080400_24.00s_27.00s.wav,05/01/2025,2025,1,5,8,4
R511,0.25,0.250_1_R511_20250105_085200_18.00s_21.00s.wav,05/01/2025,2025,1,5,8,52
R613,0.25,0.250_2_R613_20250103_173400_45.00s_48.00s.wav,03/01/2025,2025,1,3,17,34
R305,0.247,0.247_1_R305_20250104_181200_24.00s_27.00s.wav,04/01/2025,2025,1,4,18,12
R451,0.242,0.242_1_R451_20240805_185600_15.0s_18.0s.wav,05/08/2024,2024,8,5,18,56
R511,0.237,0.237_1_R511_20250105_084800_21.00s_24.00s.wav,05/01/2025,2025,1,5,8,48
R502,0.235,0.235_1_R502_20240813_094800_15.0s_18.0s.wav,13/08/2024,2024,8,13,9,48
R503,0.229,0.229_1_R503_20240801_173800_36.0s_39.0s.wav,01/08/2024,2024,8,1,17,38
R613,0.228,0.228_1_R613_20250102_181800_57.00s_60.00s.wav,02/01/2025,2025,1,2,18,18
R513,0.226,0.226_1_R513_20241018_105200_15.0s_18.0s.wav,18/10/2024,2024,10,18,10,52
R423,0.226,0.226_1_R423_20240426_063000_45.0s_48.0s.wav,26/04/2024,2024,4,26,6,30
R302,0.219,0.219_1_R302_20241229_141600_21.00s_24.00s.wav,29/12/2024,2024,12,29,14,16
R302,0.216,0.216_1_R302_20240806_120200_3.0s_6.0s.wav,06/08/2024,2024,8,6,12,2
R101,0.216,0.216_1_R101_20241229_163200_18.00s_21.00s.wav,29/12/2024,2024,12,29,16,32
R101,0.216,0.216_1_R101_20241222_084000_24.00s_27.00s.wav,22/12/2024,2024,12,22,8,40
R511,0.215,0.215_3_R511_20250105_085200_21.00s_24.00s.wav,05/01/2025,2025,1,5,8,52
R204,0.214,0.214_1_R204_20241222_110800_30.0s_33.0s.wav,22/12/2024,2024,12,22,11,8
R302,0.214,0.214_2_R302_20250105_095400_27.00s_30.00s.wav,05/01/2025,2025,1,5,9,54
R503,0.214,0.214_1_R503_20241222_154800_0.00s_3.00s.wav,22/12/2024,2024,12,22,15,48
R451,0.211,0.211_1_R451_20240803_073800_21.0s_24.0s.wav,03/08/2024,2024,8,3,7,38
R513,0.21,0.210_1_R513_20241030_182200_33.0s_36.0s.wav,30/10/2024,2024,10,30,18,22
R512,0.21,0.210_1_R512_20250102_184200_57.00s_60.00s.wav,02/01/2025,2025,1,2,18,42
R303,0.209,0.209_4_R303_20241219_181400_9.00s_12.00s.wav,19/12/2024,2024,12,19,18,14
R302,0.206,0.206_2_R302_20241226_145000_12.00s_15.00s.wav,26/12/2024,2024,12,26,14,50
R302,0.206,0.206_1_R302_20241223_094000_6.00s_9.00s.wav,23/12/2024,2024,12,23,9,40
R106,0.205,0.205_1_R106_20241229_145000_42.00s_45.00s.wav,29/12/2024,2024,12,29,14,50
R515,0.203,0.203_1_R515_20250106_184800_21.0s_24.0s.wav,06/01/2025,2025,1,6,18,48
R512,0.203,0.203_1_R512_20241228_183400_57.00s_60.00s.wav,28/12/2024,2024,12,28,18,34
R305,0.203,0.203_1_R305_20250105_185600_0.00s_3.00s.wav,05/01/2025,2025,1,5,18,56
R602,0.203,0.203_1_R602_20241227_184200_18.00s_21.00s.wav,27/12/2024,2024,12,27,18,42
R305,0.201,0.201_1_R305_20241230_182600_42.00s_45.00s.wav,30/12/2024,2024,12,30,18,26
R614,0.2,0.200_1_R614_20241225_125600_45.00s_48.00s.wav,25/12/2024,2024,12,25,12,56
R302,0.199,0.199_1_R302_20250105_100200_48.00s_51.00s.wav,05/01/2025,2025,1,5,10,2
R105,0.196,0.196_1_R105_20240903_191200_21.0s_24.0s.wav,03/09/2024,2024,9,3,19,12
R302,0.19,0.190_2_R302_20250105_100200_42.00s_45.00s.wav,05/01/2025,2025,1,5,10,2
R205,0.183,0.183_1_R205_20241220_113400_27.00s_30.00s.wav,20/12/2024,2024,12,20,11,34
R514,0.18,0.180_1_R514_20250103_084800_36.0s_39.0s.wav,03/01/2025,2025,1,3,8,48
R305,0.179,0.179_1_R305_20241231_180600_12.00s_15.00s.wav,31/12/2024,2024,12,31,18,6
R305,0.177,0.177_2_R305_20241228_165800_21.00s_24.00s.wav,28/12/2024,2024,12,28,16,58
R205,0.177,0.177_2_R205_20250101_183200_48.00s_51.00s.wav,01/01/2025,2025,1,1,18,32
R503,0.174,0.174_1_R503_20240814_192400_42.0s_45.0s.wav,14/08/2024,2024,8,14,19,24
R205,0.174,0.174_2_R205_20241220_141000_12.00s_15.00s.wav,20/12/2024,2024,12,20,14,10
R503,0.172,0.172_1_R503_20250105_174000_27.00s_30.00s.wav,05/01/2025,2025,1,5,17,40
R613,0.172,0.172_1_R613_20241229_183400_36.00s_39.00s.wav,29/12/2024,2024,12,29,18,34
R305,0.168,0.168_1_R305_20241223_071600_57.00s_60.00s.wav,23/12/2024,2024,12,23,7,16
R423,0.166,0.166_1_R423_20240426_070400_30.0s_33.0s.wav,26/04/2024,2024,4,26,7,4
R503,0.164,0.164_2_R503_20250105_174600_21.00s_24.00s.wav,05/01/2025,2025,1,5,17,46
R601,0.159,0.159_1_R601_20241230_180200_33.00s_36.00s.wav,30/12/2024,2024,12,30,18,2
R503,0.158,0.158_1_R503_20240808_185400_51.0s_54.0s.wav,08/08/2024,2024,8,8,18,54
R515,0.155,0.155_1_R515_20250106_184800_24.0s_27.0s.wav,06/01/2025,2025,1,6,18,48
R514,0.155,0.155_1_R514_20241227_182800_27.0s_30.0s.wav,27/12/2024,2024,12,27,18,28
R514,0.153,0.153_1_R514_20250104_184200_51.0s_54.0s.wav,04/01/2025,2025,1,4,18,42
R601,0.153,0.153_1_R601_20241230_182200_42.00s_45.00s.wav,30/12/2024,2024,12,30,18,22
R405,0.151,0.151_1_R405_20241226_133800_9.00s_12.00s.wav,26/12/2024,2024,12,26,13,38
R305,0.15,0.150_1_R305_20241220_160800_39.00s_42.00s.wav,20/12/2024,2024,12,20,16,8
R305,0.149,0.149_2_R305_20250101_071000_42.00s_45.00s.wav,01/01/2025,2025,1,1,7,10
R451,0.149,0.149_1_R451_20241219_142200_39.00s_42.00s.wav,19/12/2024,2024,12,19,14,22
R613,0.149,0.149_4_R613_20250103_173400_42.00s_45.00s.wav,03/01/2025,2025,1,3,17,34
R401,0.148,0.148_1_R401_20240815_180400_21.0s_24.0s.wav,15/08/2024,2024,8,15,18,4
R304,0.144,0.144_1_R304_20240809_063800_6.0s_9.0s.wav,09/08/2024,2024,8,9,6,38
R401,0.144,0.144_1_R401_20241231_150000_39.00s_42.00s.wav,31/12/2024,2024,12,31,15,0
R426,0.144,0.144_1_R426_20241225_121800_9.00s_12.00s.wav,25/12/2024,2024,12,25,12,18
R305,0.144,0.144_1_R305_20250103_171000_12.00s_15.00s.wav,03/01/2025,2025,1,3,17,10
R401,0.141,0.141_1_R401_20241226_140800_36.00s_39.00s.wav,26/12/2024,2024,12,26,14,8
R305,0.14,0.140_1_R305_20240816_161800_24.0s_27.0s.wav,16/08/2024,2024,8,16,16,18
R401,0.14,0.140_1_R401_20241226_141000_36.00s_39.00s.wav,26/12/2024,2024,12,26,14,10
R303,0.139,0.139_1_R303_20250102_183200_48.00s_51.00s.wav,02/01/2025,2025,1,2,18,32
R154,0.138,0.138_1_R154_20241224_161200_15.00s_18.00s.wav,24/12/2024,2024,12,24,16,12
R515,0.136,0.136_1_R515_20241226_081200_30.0s_33.0s.wav,26/12/2024,2024,12,26,8,12
R451,0.136,0.136_1_R451_20241230_085200_12.00s_15.00s.wav,30/12/2024,2024,12,30,8,52
R423,0.135,0.135_1_R423_20240511_191800_27.0s_30.0s.wav,11/05/2024,2024,5,11,19,18
R614,0.131,0.131_1_R614_20241231_112400_42.00s_45.00s.wav,31/12/2024,2024,12,31,11,24
R303,0.129,0.129_1_R303_20240801_193200_33.0s_36.0s.wav,01/08/2024,2024,8,1,19,32
R101,0.129,0.129_1_R101_20241229_161400_57.00s_60.00s.wav,29/12/2024,2024,12,29,16,14
R303,0.129,0.129_1_R303_20241222_181200_9.00s_12.00s.wav,22/12/2024,2024,12,22,18,12
R601,0.129,0.129_1_R601_20241230_182000_51.00s_54.00s.wav,30/12/2024,2024,12,30,18,20
R205,0.128,0.128_1_R205_20241231_154800_45.00s_48.00s.wav,31/12/2024,2024,12,31,15,48
R154,0.127,0.127_1_R154_20241226_091200_36.00s_39.00s.wav,26/12/2024,2024,12,26,9,12
R405,0.126,0.126_1_R405_20241231_115600_3.00s_6.00s.wav,31/12/2024,2024,12,31,11,56
R503,0.124,0.124_1_R503_20240817_190200_42.0s_45.0s.wav,17/08/2024,2024,8,17,19,2
R305,0.124,0.124_1_R305_20250103_074600_6.00s_9.00s.wav,03/01/2025,2025,1,3,7,46
R511,0.123,0.123_1_R511_20241023_130600_18.0s_21.0s.wav,23/10/2024,2024,10,23,13,6
R205,0.123,0.123_1_R205_20250102_182400_39.00s_42.00s.wav,02/01/2025,2025,1,2,18,24
R502,0.121,0.121_1_R502_20240811_113200_9.0s_12.0s.wav,11/08/2024,2024,8,11,11,32
R301,0.12,0.120_1_R301_20240813_170200_33.0s_36.0s.wav,13/08/2024,2024,8,13,17,2
R101,0.12,0.120_1_R101_20241218_162800_42.00s_45.00s.wav,18/12/2024,2024,12,18,16,28
R602,0.119,0.119_1_R602_20241224_165800_15.00s_18.00s.wav,24/12/2024,2024,12,24,16,58
R512,0.118,0.118_2_R512_20250109_184200_3.00s_6.00s.wav,09/01/2025,2025,1,9,18,42
R305,0.116,0.116_2_R305_20241231_174000_27.00s_30.00s.wav,31/12/2024,2024,12,31,17,40
R303,0.115,0.115_2_R303_20241219_181400_12.00s_15.00s.wav,19/12/2024,2024,12,19,18,14
R602,0.114,0.114_1_R602_20241028_094400_24.0s_27.0s.wav,28/10/2024,2024,10,28,9,44
R303,0.114,0.114_1_R303_20241222_143600_3.00s_6.00s.wav,22/12/2024,2024,12,22,14,36
R103,0.113,0.113_1_R103_20240906_154200_15.00s_18.00s.wav,06/09/2024,2024,9,6,15,42
R303,0.113,0.113_1_R303_20241219_111800_54.00s_57.00s.wav,19/12/2024,2024,12,19,11,18
R515,0.111,0.111_1_R515_20241229_184600_33.0s_36.0s.wav,29/12/2024,2024,12,29,18,46
R503,0.111,0.111_1_R503_20240818_175600_33.0s_36.0s.wav,18/08/2024,2024,8,18,17,56
R451,0.111,0.111_1_R451_20240730_192000_39.0s_42.0s.wav,30/07/2024,2024,7,30,19,20
R503,0.111,0.111_3_R503_20250105_174600_18.00s_21.00s.wav,05/01/2025,2025,1,5,17,46
R303,0.11,0.110_1_R303_20250105_130000_36.00s_39.00s.wav,05/01/2025,2025,1,5,13,0
R205,0.11,0.110_1_R205_20250102_174800_0.00s_3.00s.wav,02/01/2025,2025,1,2,17,48
R512,0.11,0.110_2_R512_20250105_085200_18.00s_21.00s.wav,05/01/2025,2025,1,5,8,52
R502,0.109,0.109_1_R502_20241224_180800_45.00s_48.00s.wav,24/12/2024,2024,12,24,18,8
R418,0.108,0.108_1_R418_20240808_175000_42.0s_45.0s.wav,08/08/2024,2024,8,8,17,50
R205,0.106,0.106_2_R205_20241227_114200_36.00s_39.00s.wav,27/12/2024,2024,12,27,11,42
R503,0.104,0.104_1_R503_20250105_175000_30.00s_33.00s.wav,05/01/2025,2025,1,5,17,50
R602,0.103,0.103_1_R602_20241021_082600_15.0s_18.0s.wav,21/10/2024,2024,10,21,8,26
R511,0.103,0.103_2_R511_20241228_183400_57.00s_60.00s.wav,28/12/2024,2024,12,28,18,34
R515,0.102,0.102_1_R515_20241222_091600_3.0s_6.0s.wav,22/12/2024,2024,12,22,9,16
R512,0.101,0.101_1_R512_20250109_184200_6.00s_9.00s.wav,09/01/2025,2025,1,9,18,42
